ASD Acronym,Designation,Title of Standard,Abstract,Link
ICH,ICH H,Home,Visit the link for more information,https://www.ich.org/
ICH,ICH ICH,ICH Guideline pages,Visit the link for more information,https://www.ich.org/page/ich-guidelines
ICH,ICH M,Mission,Visit the link for more information,https://www.ich.org/page/mission
ICH,ICH H,History,Visit the link for more information,https://www.ich.org/page/history
ICH,ICH T,Transparency,Visit the link for more information,https://www.ich.org/page/transparency
ICH,ICH F,Funding,Visit the link for more information,https://www.ich.org/page/funding
ICH,ICH ICH,ICH Award,Visit the link for more information,https://www.ich.org/page/ich-award
ICH,ICH W,Work with ICH,Visit the link for more information,https://www.ich.org/page/work-with-ich
ICH,ICH A,Articles & Procedures,Visit the link for more information,https://www.ich.org/page/articles-procedures
ICH,ICH W,Work Plans & Reports,Visit the link for more information,https://www.ich.org/page/work-plans-reports
ICH,ICH O,Organisational Chart,Visit the link for more information,https://www.ich.org/page/organisation-ich
ICH,ICH M,Members & Observers,Visit the link for more information,https://www.ich.org/page/members-observers
ICH,ICH V,Value of Membership,Visit the link for more information,https://www.ich.org/page/value-membership
ICH,ICH A,Application Process,Visit the link for more information,https://www.ich.org/page/application-process
ICH,ICH ICH,ICH Events,Visit the link for more information,https://www.ich.org/page/ich-events
ICH,ICH A,Assembly Meetings,Visit the link for more information,https://www.ich.org/page/assemblyreports
ICH,ICH M,Management Committee,Visit the link for more information,https://www.ich.org/page/management-committee-0
ICH,ICH P,Process of Harmonisation,Visit the link for more information,https://www.ich.org/page/process-harmonisation
ICH,ICH P,Public Consultations,Visit the link for more information,https://www.ich.org/page/public-consultations
ICH,ICH G,Guideline Implementation,Visit the link for more information,https://www.ich.org/page/ich-guideline-implementation
ICH,ICH Q,Quality Guidelines,Visit the link for more information,https://www.ich.org/page/quality-guidelines
ICH,ICH S,Safety Guidelines,Visit the link for more information,https://www.ich.org/page/safety-guidelines
ICH,ICH M,Multidisciplinary Guidelines,Visit the link for more information,https://www.ich.org/page/multidisciplinary-guidelines
ICH,ICH I,Index of Guidelines,Visit the link for more information,https://www.ich.org/page/search-index-ich-guidelines
ICH,ICH E,Efficacy Guidelines,Visit the link for more information,https://www.ich.org/page/efficacy-guidelines
ICH,ICH M,MedDRA,Visit the link for more information,https://www.ich.org/page/meddra
ICH,ICH CTD,CTD,Visit the link for more information,https://www.ich.org/page/ctd
ICH,ICH E,Electronic Standards (ESTRI),Visit the link for more information,https://www.ich.org/page/electronic-standards-estri
ICH,ICH R,Reflection Papers & Discussion Groups,Visit the link for more information,https://www.ich.org/page/reflection-papers
ICH,ICH C,Consideration Documents,Visit the link for more information,https://www.ich.org/page/consideration-documents
ICH,ICH CIOMS,CIOMS Glossary of ICH Terms & Definitions,Visit the link for more information,https://www.ich.org/page/cioms-glossary-ich-terms-definitions
ICH,ICH ICH,ICH Digital Platform,Visit the link for more information,https://www.ich.org/page/ich-technology-task-force
ICH,ICH P,Press Releases,Visit the link for more information,https://www.ich.org/page/press-releases
ICH,ICH N,News,Visit the link for more information,https://www.ich.org/page/news
ICH,ICH P,Publications,Visit the link for more information,https://www.ich.org/page/publications
ICH,ICH T,Training,Visit the link for more information,https://www.ich.org/page/training
ICH,ICH T,Training Library,Visit the link for more information,https://www.ich.org/page/training-library
ICH,ICH C,Contact,Visit the link for more information,https://www.ich.org/page/contact
ICH,ICH R,Register,Visit the link for more information,https://www.ich.org/page/register-be-kept-date-ich-news
ICH,ICH ICH,ICH Legal Mentions,Visit the link for more information,https://www.ich.org/page/legal-mentions
ICH,ICH ICH,ICH Privacy Statement,Visit the link for more information,https://www.ich.org/page/ich-privacy-statement
ICH,ICH Outcome statement,_,Visit the link for more information,https://www.ich.org/_
ICH,ICH H,Home,Visit the link for more information,https://www.ich.org/
ICH,ICH M,MedDRA page on ICH website,Visit the link for more information,https://www.ich.org/page/meddra
ICH,ICH M,MedDRA website,Visit the link for more information,https://www.meddra.org/
ICH,ICH M1,M1 PTC Concept Paper,Visit the link for more information,https://database.ich.org/sites/default/files/M1_PtC_WG_Concept_Paper.pdf
ICH,ICH M1,M1 PtC Work Plan,Visit the link for more information,https://database.ich.org/sites/default/files/ICH52_M1PtC_EWG_WorkPlan_2026_0429.pdf
ICH,ICH M,MedDRA PtC page,Visit the link for more information,https://www.meddra.org/how-to-use/support-documentation?current=
ICH,ICH M1,M1 PtC Working Group,Visit the link for more information,https://database.ich.org/sites/default/files/Annex%206%20-%20M1%20PtC%20Working%20Group.pdf
ICH,ICH M2,M2 Concept Paper,Visit the link for more information,https://database.ich.org/sites/default/files/M2_EWG_Concept_Paper.pdf
ICH,ICH M2,M2 Work Plan,Visit the link for more information,https://database.ich.org/sites/default/files/ICH52_M2_EWG_WorkPlan_2026_0312.pdf
ICH,ICH M2,M2 Terminology List,Visit the link for more information,https://database.ich.org/sites/default/files/ICH%20M2%20Terminology%20List%20Management%20Processes%20v1_1.pdf
ICH,ICH P,Presentation SDOs,Visit the link for more information,https://database.ich.org/sites/default/files/E2B%28R3%29_EWG_IWG_Presentation_SDOs_1.ppt
ICH,ICH ESTRI,ESTRI page,Visit the link for more information,https://ich.org/page/electronic-standards-estri
ICH,ICH M3(R2),M3(R2) Guideline,Visit the link for more information,https://database.ich.org/sites/default/files/M3_R2__Guideline.pdf
ICH,ICH M3(R2),M3(R2) Concept Paper,Visit the link for more information,https://database.ich.org/sites/default/files/M3_R2__Concept_Paper.pdf
ICH,ICH M3(R2),M3(R2) Presentation,Visit the link for more information,https://database.ich.org/sites/default/files/M3_R2__Presentation.pdf
ICH,ICH M3(R2),M3(R2) Q&As (R2) Questions & Answers,Visit the link for more information,https://database.ich.org/sites/default/files/M3_R2_Q%26As_R2_Q%26As_0.pdf
ICH,ICH M3(R2),M3(R2) Q&As (R2) Concept Paper,Visit the link for more information,https://database.ich.org/sites/default/files/M3_R2_Q%26As_R2_Concept_Paper.pdf
ICH,ICH CTD,CTD page,Visit the link for more information,https://www.ich.org/page/ctd
ICH,ICH P,Presentation SDOs,Visit the link for more information,https://database.ich.org/sites/default/files/E2B%28R3%29_EWG_IWG_Presentation_SDOs_2.ppt
ICH,ICH M,More information on E2B,Visit the link for more information,https://ich.org/page/e2br3-individual-case-safety-report-icsr-specification-and-related-files
ICH,ICH M6,M6 Concept Paper,Visit the link for more information,https://database.ich.org/sites/default/files/M6_Concept_Paper.pdf
ICH,ICH M6,M6 Business Plan,Visit the link for more information,https://database.ich.org/sites/default/files/M6_Business_Plan_0.pdf
ICH,ICH M6,M6 Appendix 1,Visit the link for more information,https://database.ich.org/sites/default/files/M6_Appendix1.pdf
ICH,ICH M6,M6 Appendix 2,Visit the link for more information,https://database.ich.org/sites/default/files/M6_Appendix2_0.pdf
ICH,ICH M7(R2),M7(R2) Guideline,Visit the link for more information,https://database.ich.org/sites/default/files/ICH_M7%28R2%29_Guideline_Step4_2023_0216_0.pdf
ICH,ICH M7(R2),M7(R2) Addendum,Visit the link for more information,https://database.ich.org/sites/default/files/ICH_M7%28R2%29_Addendum_Step4_2023_0531_0.pdf
ICH,ICH M7(R2),M7(R2) Concept Paper,Visit the link for more information,https://database.ich.org/sites/default/files/M7_R2_Maintenance_EWG-IWG_Concept_Paper.pdf
ICH,ICH M7(R2),M7(R2) Step 4 Presentation,Visit the link for more information,https://database.ich.org/sites/default/files/ICH_M7%28R2%29_2ndAddendum_Step_4_Presentation_2023_0516.pdf
ICH,ICH M7(R1),M7(R1) Training Material,Visit the link for more information,https://database.ich.org/sites/default/files/M7_R1_Training_Material_0.mp4
ICH,ICH M7(R2),M7(R2) Q&As,Visit the link for more information,https://database.ich.org/sites/default/files/M7R2_QAs_Step3_2022_0517-Error%20Corrected.pdf
ICH,ICH M7(R2),M7(R2) Maintenance Concept Paper,Visit the link for more information,https://database.ich.org/sites/default/files/M7_R2_Maintenance_EWG-IWG_Concept_Paper_0.pdf
ICH,ICH M7(R2),M7(R2) Q&As Step 4 Presentation,Visit the link for more information,https://database.ich.org/sites/default/files/ICH_M7%28R2%29_QAs_Step_4_Presentation_2023_0516.pdf
ICH,ICH M7(R3),M7(R3) Work Plan,Visit the link for more information,https://database.ich.org/sites/default/files/ICH_M7%28R3%29_EWGIWG_WorkPlan_2024_0227.pdf
ICH,ICH M,"Maintenance Procedure for Q3C, Q3D and M7",Visit the link for more information,https://database.ich.org/sites/default/files/Annex%204%20-%20Maintenance%20Procedure%20for%20Q3C%2C%20Q3D%2C%20and%20M7_1_0.pdf
ICH,ICH M7,M7 Sub-group Concept Paper,Visit the link for more information,https://database.ich.org/sites/default/files/ICH_M7SubGroup_Final_Concept_Paper_2024_0424.pdf
ICH,ICH M7,M7 Sub-group Work Plan,Visit the link for more information,https://database.ich.org/sites/default/files/ICH52_M7SubGroup_EWG_WorkPlan_2026_0318.pdf
ICH,ICH ESTRI,ESTRI page for eCTD V3.2.2,Visit the link for more information,https://ich.org/page/ich-electronic-common-technical-document-ectd-v322-specification-and-related-files
ICH,ICH ESTRI,ESTRI page for eCTD v4.0,Visit the link for more information,https://ich.org/page/ich-electronic-common-technical-document-ectd-v40
ICH,ICH M8,M8 Concept Paper,Visit the link for more information,https://database.ich.org/sites/default/files/M8_EWG_IWG_Concept_Paper.pdf
ICH,ICH M8,M8 Revised Concept Paper,Visit the link for more information,https://database.ich.org/sites/default/files/M8_EWG_IWG_REVISED_Concept_Paper.pdf
ICH,ICH M8,M8 Work Plan,Visit the link for more information,https://database.ich.org/sites/default/files/ICH52_M8_EWGIWG_WorkPlan_2026_0320.pdf
ICH,ICH ESTRI,ESTRI page for eCTD v4.0,Visit the link for more information,https://www.ich.org/page/ich-electronic-common-technical-document-ectd-v40
ICH,ICH ESTRI,ESTRI page for eCTD V3.2.2,Visit the link for more information,https://www.ich.org/page/ich-electronic-common-technical-document-ectd-v322-specification-and-related-files
ICH,ICH M9,M9 Guideline,Visit the link for more information,https://database.ich.org/sites/default/files/M9_Guideline_Step4_2019_1116.pdf
ICH,ICH M9,M9 Concept Paper,Visit the link for more information,https://database.ich.org/sites/default/files/M9_EWG_Concept_Paper_0.pdf
ICH,ICH M9,M9 Business Plan,Visit the link for more information,https://database.ich.org/sites/default/files/M9_EWG_Business_Plan_0.pdf
ICH,ICH M9,M9 Step 4 Presentation,Visit the link for more information,https://database.ich.org/sites/default/files/M9_Step_4_Presentation_2020_0302.pdf
ICH,ICH M9,M9 Q&As,Visit the link for more information,https://database.ich.org/sites/default/files/M9_QAs_Step4_2021_0106.pdf
ICH,ICH M10,M10 Guideline,Visit the link for more information,https://database.ich.org/sites/default/files/M10_Guideline_Step4_2022_0524.pdf
ICH,ICH M10,M10 Concept Paper,Visit the link for more information,https://database.ich.org/sites/default/files/M10_EWG_Concept_Paper.pdf
ICH,ICH M10,M10 Business Plan,Visit the link for more information,https://database.ich.org/sites/default/files/M10_EWG_Business_Plan.pdf
ICH,ICH M10,M10 Step 4 Presentation,Visit the link for more information,https://database.ich.org/sites/default/files/ICH_M10_Step_4_Presentation_2022_1123.pdf
ICH,ICH M10,M10 Training Materials,Visit the link for more information,https://database.ich.org/sites/default/files/ICH_M10_EWG_Training_Material_2024_0127.pdf
ICH,ICH M10,M10 Q&As,Visit the link for more information,https://database.ich.org/sites/default/files/ICH_M10_QAs_2022_1111.pdf
ICH,ICH M11,M11 Guideline,Visit the link for more information,https://database.ich.org/sites/default/files/ICH_Step4_M11_Final_Guideline_2025_1119.pdf
ICH,ICH M11,M11 Technical Specification,Visit the link for more information,https://database.ich.org/sites/default/files/ICH_Step4_M11_Final_TechnicalSpecification_2025_1119.pdf
ICH,ICH M11,M11 Template,Visit the link for more information,https://database.ich.org/sites/default/files/ICH_Step4_M11_Final_Template_2025_1119.pdf
ICH,ICH M11,M11 Concept Paper,Visit the link for more information,https://database.ich.org/sites/default/files/M11_EWG_Concept_Paper.pdf
ICH,ICH M11,M11 Business Plan,Visit the link for more information,https://database.ich.org/sites/default/files/M11_EWG_Business_Plan.pdf
ICH,ICH M11,M11 Work Plan,Visit the link for more information,https://database.ich.org/sites/default/files/ICH52_M11_EWG_WorkPlan_2026_0320.pdf
ICH,ICH M11,M11 Step 4 Presentation,Visit the link for more information,https://database.ich.org/sites/default/files/ICH_M11_Step_4_Presentation_2026_04_15.pptx
ICH,ICH WG,WG Explainer on ICH M11,Visit the link for more information,https://database.ich.org/sites/default/files/ICH%20M11%20Explainer_May2026.pdf
ICH,ICH M12,M12 Guideline,Visit the link for more information,https://database.ich.org/sites/default/files/ICH_M12_Step4_Guideline_2024_0521_0.pdf
ICH,ICH M12,M12 Concept Paper,Visit the link for more information,https://database.ich.org/sites/default/files/M12_FinalConceptPaper_2019_1117.pdf
ICH,ICH M12,M12 Business Plan,Visit the link for more information,https://database.ich.org/sites/default/files/M12_FinalBusiness%20Plan_2019_1117.pdf
ICH,ICH M12,M12 Step 4 Presentation,Visit the link for more information,https://database.ich.org/sites/default/files/ICH_M12_Step%204_Presentation_2024_0423_2.pdf
ICH,ICH M12,M12 Q&As,Visit the link for more information,https://database.ich.org/sites/default/files/ICH_M12_Step4_Q%26As_2023_0521.pdf
ICH,ICH M13A,M13A Guideline,Visit the link for more information,https://database.ich.org/sites/default/files/ICH_M13A_Step4_Final_Guideline_2024_0723.pdf
ICH,ICH M13,M13 Concept Paper,Visit the link for more information,https://database.ich.org/sites/default/files/ICH_M13_Concept_Paper_2020_0710.pdf
ICH,ICH M13A,M13A Step 4 Presentation,Visit the link for more information,https://database.ich.org/sites/default/files/ICH_M13A_Step4_Presentation_2024_0716.pdf
ICH,ICH M13A,M13A Q&As,Visit the link for more information,https://database.ich.org/sites/default/files/ICH_M13A_Step4_QAs_2024_0723.pdf
ICH,ICH M13B,M13B Guideline,Visit the link for more information,https://database.ich.org/sites/default/files/ICH_M13B%20Final%20Guideline_2026_0717.pdf
ICH,ICH M13,M13 Concept Paper,Visit the link for more information,https://database.ich.org/sites/default/files/ICH_M13_Concept_Paper_2020_0710_0.pdf
ICH,ICH M13,M13 Work Plan,Visit the link for more information,https://database.ich.org/sites/default/files/ICH52_M13_EWG_WorkPlan_2026_0318.pdf
ICH,ICH M13B,M13B Concept Paper Supplement,Visit the link for more information,https://database.ich.org/sites/default/files/ICH_M13EWG_M13BConceptPaperSupplement_2023_0302.pdf
ICH,ICH M13B,M13B Step 4 Presentation,Visit the link for more information,https://database.ich.org/sites/default/files/M13B_Step4WG_IntroductoryPresentation_2026_0722.pdf
ICH,ICH M13B,M13B Q&As,Visit the link for more information,https://database.ich.org/sites/default/files/ICH_M13B%20QAs_August%2004%202026_0805.pdf
ICH,ICH M13,M13 Concept Paper,Visit the link for more information,https://database.ich.org/sites/default/files/ICH_M13_Concept_Paper_2020_0710_1.pdf
ICH,ICH M13,M13 Work Plan,Visit the link for more information,https://database.ich.org/sites/default/files/ICH52_M13_EWG_WorkPlan_2026_0318_0.pdf
ICH,ICH M13C,M13C Concept Paper Supplement,Visit the link for more information,https://database.ich.org/sites/default/files/ICH_M13_M13CConceptPaperSupplement_2025_0127_0.pdf
ICH,ICH M14,M14 Guideline,Visit the link for more information,https://database.ich.org/sites/default/files/ICH_M14_Step4_Final_Guideline_2025_0905.pdf
ICH,ICH M14,M14 Concept Paper,Visit the link for more information,https://database.ich.org/sites/default/files/M14_ConceptPaper_2022_0405.pdf
ICH,ICH M14,M14 Business Plan,Visit the link for more information,https://database.ich.org/sites/default/files/M14_BusinessPlan_2022_0405.pdf
ICH,ICH M14,M14 Step 4 presentation,Visit the link for more information,https://database.ich.org/sites/default/files/ICH_Step_4_Presentation_Final_2025_0903_0.pdf
ICH,ICH M15,M15 Final Guideline,Visit the link for more information,https://database.ich.org/sites/default/files/ICH_M15_Step4_Final_Guideline_2026_0129.pdf
ICH,ICH T,Table for Assessment,Visit the link for more information,https://database.ich.org/sites/default/files/ICH%20M15_Table%20for%20Assessment%20of%20MIDD%20Evidence_2026_0316.docx
ICH,ICH M,Model-Informed Drug Development (MIDD) Discussion Group Roadmap,Visit the link for more information,https://database.ich.org/sites/default/files/ICH_MIDD_Roadmap_2022_0503.pdf
ICH,ICH M15,M15 Concept Paper,Visit the link for more information,https://database.ich.org/sites/default/files/ICH_M15_ConceptPaper_Final_2022_1102.pdf
ICH,ICH M15,M15 Business Plan,Visit the link for more information,https://database.ich.org/sites/default/files/ICH_M15_BusinessPlan_Final_2022_1027.pdf
ICH,ICH M15,M15 Work Plan,Visit the link for more information,https://database.ich.org/sites/default/files/ICH52_M15_EWG_WorkPlan_2026_0320.pdf
ICH,ICH ICH,ICH Step 4 Presentation,Visit the link for more information,https://database.ich.org/sites/default/files/ICH_Step_4_Presentation_M15_2026_0316_1.pdf
ICH,ICH M18,M18 Concept Paper,Visit the link for more information,https://database.ich.org/sites/default/files/ICH_M18_Final_Concept_Paper_MCEndorsed_2025_1119.pdf
ICH,ICH M18,M18 Work Plan,Visit the link for more information,https://database.ich.org/sites/default/files/ICH52_M18_EWG_WorkPlan_2026_0318.pdf
ICH,ICH M,Mission,Visit the link for more information,https://www.ich.org/page/mission
ICH,ICH H,History,Visit the link for more information,https://www.ich.org/page/history
ICH,ICH T,Transparency,Visit the link for more information,https://www.ich.org/page/transparency
ICH,ICH F,Funding,Visit the link for more information,https://www.ich.org/page/funding
ICH,ICH ICH,ICH Award,Visit the link for more information,https://www.ich.org/page/ich-award
ICH,ICH W,Work with ICH,Visit the link for more information,https://www.ich.org/page/work-with-ich
ICH,ICH A,Articles & Procedures,Visit the link for more information,https://www.ich.org/page/articles-procedures
ICH,ICH W,Work Plans & Reports,Visit the link for more information,https://www.ich.org/page/work-plans-reports
ICH,ICH O,Organisational Chart,Visit the link for more information,https://www.ich.org/page/organisation-ich
ICH,ICH M,Members & Observers,Visit the link for more information,https://www.ich.org/page/members-observers
ICH,ICH V,Value of Membership,Visit the link for more information,https://www.ich.org/page/value-membership
ICH,ICH A,Application Process,Visit the link for more information,https://www.ich.org/page/application-process
ICH,ICH ICH,ICH Events,Visit the link for more information,https://www.ich.org/page/ich-events
ICH,ICH A,Assembly Meetings,Visit the link for more information,https://www.ich.org/page/assemblyreports
ICH,ICH M,Management Committee,Visit the link for more information,https://www.ich.org/page/management-committee-0
ICH,ICH P,Process of Harmonisation,Visit the link for more information,https://www.ich.org/page/process-harmonisation
ICH,ICH P,Public Consultations,Visit the link for more information,https://www.ich.org/page/public-consultations
ICH,ICH G,Guideline Implementation,Visit the link for more information,https://www.ich.org/page/ich-guideline-implementation
ICH,ICH A,All Guidelines,Visit the link for more information,https://www.ich.org/page/ich-guidelines
ICH,ICH Q,Quality Guidelines,Visit the link for more information,https://www.ich.org/page/quality-guidelines
ICH,ICH S,Safety Guidelines,Visit the link for more information,https://www.ich.org/page/safety-guidelines
ICH,ICH M,Multidisciplinary Guidelines,Visit the link for more information,https://www.ich.org/page/multidisciplinary-guidelines
ICH,ICH I,Index of Guidelines,Visit the link for more information,https://www.ich.org/page/search-index-ich-guidelines
ICH,ICH E,Efficacy Guidelines,Visit the link for more information,https://www.ich.org/page/efficacy-guidelines
ICH,ICH E,Electronic Standards (ESTRI),Visit the link for more information,https://www.ich.org/page/electronic-standards-estri
ICH,ICH R,Reflection Papers & Discussion Groups,Visit the link for more information,https://www.ich.org/page/reflection-papers
ICH,ICH C,Consideration Documents,Visit the link for more information,https://www.ich.org/page/consideration-documents
ICH,ICH CIOMS,CIOMS Glossary of ICH Terms & Definitions,Visit the link for more information,https://www.ich.org/page/cioms-glossary-ich-terms-definitions
ICH,ICH ICH,ICH Digital Platform,Visit the link for more information,https://www.ich.org/page/ich-technology-task-force
ICH,ICH P,Press Releases,Visit the link for more information,https://www.ich.org/page/press-releases
ICH,ICH N,News,Visit the link for more information,https://www.ich.org/page/news
ICH,ICH P,Publications,Visit the link for more information,https://www.ich.org/page/publications
ICH,ICH T,Training,Visit the link for more information,https://www.ich.org/page/training
ICH,ICH T,Training Library,Visit the link for more information,https://www.ich.org/page/training-library
ICH,ICH C,Contact,Visit the link for more information,https://www.ich.org/page/contact
ICH,ICH R,Register,Visit the link for more information,https://www.ich.org/page/register-be-kept-date-ich-news
ICH,ICH ICH,ICH Legal Mentions,Visit the link for more information,https://www.ich.org/page/legal-mentions
ICH,ICH ICH,ICH Privacy Statement,Visit the link for more information,https://www.ich.org/page/ich-privacy-statement
ICH,ICH Outcome statement,_,Visit the link for more information,https://www.ich.org/_
ICH,ICH H,Home,Visit the link for more information,https://www.ich.org/
ICH,ICH Q1A(R2),Q1A(R2) Guideline,Visit the link for more information,https://database.ich.org/sites/default/files/Q1A%28R2%29%20Guideline.pdf
ICH,ICH Q1B,Q1B Guideline,Visit the link for more information,https://database.ich.org/sites/default/files/Q1B%20Guideline.pdf
ICH,ICH Q1C,Q1C Guideline,Visit the link for more information,https://database.ich.org/sites/default/files/Q1C%20Guideline.pdf
ICH,ICH Q1D,Q1D Guideline,Visit the link for more information,https://database.ich.org/sites/default/files/Q1D%20Guideline.pdf
ICH,ICH Q1E,Q1E Guideline,Visit the link for more information,https://database.ich.org/sites/default/files/Q1E%20Guideline.pdf
ICH,ICH Q1E,Q1E Presentation,Visit the link for more information,https://database.ich.org/sites/default/files/Q1E%20Presentation.pdf
ICH,ICH Q1F,Q1F Stability Guideline WHO 2018,Visit the link for more information,https://database.ich.org/sites/default/files/Q1F_Stability_Guideline_WHO_2018.pdf
ICH,ICH Q1F,Q1F Explanatory Note,Visit the link for more information,https://database.ich.org/sites/default/files/Q1F_Explanatory_Note_0.pdf
ICH,ICH ICH,ICH Q1 Draft Guideline,Visit the link for more information,https://database.ich.org/sites/default/files/ICH_Q1EWG_Step2_Draft_Guideline_2025_0411.pdf
ICH,ICH Q1,Q1/Q5C Concept Paper,Visit the link for more information,https://database.ich.org/sites/default/files/ICH_Q1Q5C_ConceptPaper_Final_2022_1114.pdf
ICH,ICH Q1,Q1/Q5C Business Plan,Visit the link for more information,https://database.ich.org/sites/default/files/ICH_Q1Q5C_BusinessPaper_Final_2022_1028.pdf
ICH,ICH Q1,Q1 Work Plan,Visit the link for more information,https://database.ich.org/sites/default/files/ICH52_Q1_EWG_WorkPlan_2026_0318.pdf
ICH,ICH Q1,Q1 Step 2 Presentation,Visit the link for more information,https://database.ich.org/sites/default/files/ICH_Q1_Step2_Presentation_2025_0411_0.pdf
ICH,ICH Q2(R2),Q2(R2) Guideline,Visit the link for more information,https://database.ich.org/sites/default/files/ICH_Q2%28R2%29_Guideline_2023_1130_ErrorCorrection_2025.pdf
ICH,ICH Q2(R2),Q2(R2)/Q14 Concept Paper,Visit the link for more information,https://database.ich.org/sites/default/files/Q2R2-Q14_EWG_Concept_Paper.pdf
ICH,ICH Q2(R2),Q2(R2)/Q14 Business Plan,Visit the link for more information,https://database.ich.org/sites/default/files/Q2R2-Q14_EWG_Business_Plan.pdf
ICH,ICH Q2(R2),Q2(R2)/Q14 Step 4 Presentation,Visit the link for more information,https://database.ich.org/sites/default/files/Q2_Q14%20ICH_Step_4_Presentation_2023_1106_0.pdf
ICH,ICH Q2(R2),Q2(R2)/Q14 IWG Concept Paper,Visit the link for more information,https://database.ich.org/sites/default/files/ICH_Q2R2Q14_IWG_Final_Concept_2023_1030.pdf
ICH,ICH Q2(R2),Q2(R2)/Q14 Training Material Map of Contents,Visit the link for more information,https://database.ich.org/sites/default/files/ICH_Q2%28R2%29Q14_TrainingMat_MapofContents_2025_0620.pdf
ICH,ICH Q2(R2),Q2(R2)/Q14 Training Material Module 1,Visit the link for more information,https://database.ich.org/sites/default/files/ICH_Q2%28R2%29Q14_TrainingMat_%20Module_1_2025_0620.pdf
ICH,ICH Q2(R2),Q2(R2)/Q14 Training Material Module 2,Visit the link for more information,https://database.ich.org/sites/default/files/ICH_Q2%28R2%29Q14_TrainingMat_Module%20_2_2025_0620.pdf
ICH,ICH Q2(R2),Q2(R2)/Q14 Training Material Module 3,Visit the link for more information,https://database.ich.org/sites/default/files/ICH_Q2%28R2%29Q14_TrainingMat_Module_3_2025_0620.pdf
ICH,ICH Q2(R2),Q2(R2)/Q14 Training Material Module 4,Visit the link for more information,https://database.ich.org/sites/default/files/ICH_Q2%28R2%29Q14_TrainingMat_%20Module_4_2025_0620.pdf
ICH,ICH Q2(R2),Q2(R2)/Q14 Training Material Module 5,Visit the link for more information,https://database.ich.org/sites/default/files/ICH_Q2%28R2%29Q14_TrainingMat_Module_5_2025_0620.pdf
ICH,ICH Q2(R2),Q2(R2)/Q14 Training Material Module 6,Visit the link for more information,https://database.ich.org/sites/default/files/ICH_Q2%28R2%29Q14_TrainingMat_Module_6_2025_0620.pdf
ICH,ICH Q2(R2),Q2(R2)/Q14 Training Material Module 7,Visit the link for more information,https://database.ich.org/sites/default/files/ICH_Q2%28R2%29Q14_TrainingMat_Module7_2025_0620.pdf
ICH,ICH Q3A(R2),Q3A(R2) Guideline,Visit the link for more information,https://database.ich.org/sites/default/files/Q3A%28R2%29%20Guideline.pdf
ICH,ICH Q3B(R2),Q3B(R2) Guideline,Visit the link for more information,https://database.ich.org/sites/default/files/Q3B%28R2%29%20Guideline.pdf
ICH,ICH Q3B(R2),Q3B(R2) Concept Paper,Visit the link for more information,https://database.ich.org/sites/default/files/Q3B%28R2%29%20Concept%20Paper.pdf
ICH,ICH Q3C(R9),Q3C(R9) Guideline,Visit the link for more information,https://database.ich.org/sites/default/files/ICH_Q3C%28R9%29_Guideline_MinorRevision_2024_2024_Approved.pdf
ICH,ICH Q3C(R9),Q3C(R9) Concept Paper,Visit the link for more information,https://database.ich.org/sites/default/files/Q3C%20Concept%20Paper_0_0.pdf
ICH,ICH S,Support Documents,Visit the link for more information,https://database.ich.org/sites/default/files/ICH_Q3C_Support_Documents_2020_0116_0_0.zip
ICH,ICH Q3C(R10),Q3C(R10) Concept Paper,Visit the link for more information,https://database.ich.org/sites/default/files/ICH_Q3C%28R10%29_FinalConceptPaper_2024_1126_0.pdf
ICH,ICH Q3C,Q3C Work Plan,Visit the link for more information,https://database.ich.org/sites/default/files/ICH52_Q3CR10_EWG_WorkPlan_2026_0320.pdf
ICH,ICH S,Support Documents,Visit the link for more information,https://database.ich.org/sites/default/files/ICH_Q3C_Support_Documents_2020_0116_0_0_0.zip
ICH,ICH M,"Maintenance Procedure for Q3C, Q3D and M7",Visit the link for more information,https://database.ich.org/sites/default/files/Annex%204%20-%20Maintenance%20Procedure%20for%20Q3C%2C%20Q3D%2C%20and%20M7.pdf
ICH,ICH Q3D(R2),Q3D(R2) Guideline,Visit the link for more information,https://database.ich.org/sites/default/files/Q3D-R2_Guideline_Step4_2022_0308.pdf
ICH,ICH Q3D(R2),Q3D(R2) Maintenance Concept Paper,Visit the link for more information,https://database.ich.org/sites/default/files/Q3D%28R2%29%20Concept%20Paper_1.pdf
ICH,ICH Q3D(R2),Q3D(R2) Maintenance Work Plan,Visit the link for more information,https://database.ich.org/sites/default/files/Q3D%28R2%29_EWG_WorkPlan_2022_0204.pdf
ICH,ICH Q3D(R2),Q3D(R2) Step 4 Presentation,Visit the link for more information,https://database.ich.org/sites/default/files/ICH_Q3D%28R2%29_Step4Presentation_2022_0527.pdf
ICH,ICH M,"Maintenance Procedure for Q3C, Q3D and M7",Visit the link for more information,https://database.ich.org/sites/default/files/Annex%204%20-%20Maintenance%20Procedure%20for%20Q3C%2C%20Q3D%2C%20and%20M7_0.pdf
ICH,ICH Q3D,Q3D Training Concept Paper,Visit the link for more information,https://database.ich.org/sites/default/files/Q3D%20Training%20Concept%20Paper.pdf
ICH,ICH Q3D,Q3D Training Business Plan,Visit the link for more information,https://database.ich.org/sites/default/files/Q3D%20Training%20Business%20Plan.pdf
ICH,ICH Q3D,Q3D Training Package Module 0-9,Visit the link for more information,https://database.ich.org/sites/default/files/Training_package_Module_0_9%20%283%29.zip
ICH,ICH ICH,ICH Q3E Draft Guideline,Visit the link for more information,https://database.ich.org/sites/default/files/ICH_Q3E_EWG_Step2_DraftGuideline_2025_0704.pdf
ICH,ICH G,Guideline Supporting Documentation,Visit the link for more information,https://database.ich.org/sites/default/files/ICH_Q3E_Step2_SupportingDocumentation_Class3_LeachableMonographs_2025_0704.pdf
ICH,ICH Q3E,Q3E Concept Paper,Visit the link for more information,https://database.ich.org/sites/default/files/ICH_Q3E_ConceptPaper_2020_0710.pdf
ICH,ICH Q3E,Q3E Business Plan,Visit the link for more information,https://database.ich.org/sites/default/files/ICH_Q3E_Business_Plan_2020_0710.pdf
ICH,ICH Q3E,Q3E Work Plan,Visit the link for more information,https://database.ich.org/sites/default/files/ICH52_Q3E_EWG_WorkPlan_2026_0318.pdf
ICH,ICH Q3E,Q3E Step 2 Presentation,Visit the link for more information,https://database.ich.org/sites/default/files/ICH_Q3E_Step2_Presentation_2025_0826.pdf
ICH,ICH Q4B,Q4B Guideline,Visit the link for more information,https://database.ich.org/sites/default/files/Q4B%20Guideline.pdf
ICH,ICH Q4B,Q4B Presentation,Visit the link for more information,https://database.ich.org/sites/default/files/Q4B%20Presentation.pdf
ICH,ICH Q4B,Q4B Frequently Asked Questions (FAQs),Visit the link for more information,https://database.ich.org/sites/default/files/Q4B_Frequently%20Asked%20Questions_26.April_.pdf
ICH,ICH M,Maintenance of Q4B,Visit the link for more information,https://database.ich.org/sites/default/files/Annex%205%20-%20Maintenance%20of%20Q4B_Revised.pdf
ICH,ICH Q4B(R1),Q4B(R1) Guideline,Visit the link for more information,https://database.ich.org/sites/default/files/ICH_Q4B%28R1%29_Guideline_2024_0605.pdf
ICH,ICH Q4B,Q4B Annex 1(R1),Visit the link for more information,https://database.ich.org/sites/default/files/Q4B%20Annex%201%28R1%29%20Guideline.pdf
ICH,ICH Q4B,Q4B Frequently Asked Questions (FAQs),Visit the link for more information,https://database.ich.org/sites/default/files/Q4B_Frequently%20Asked%20Questions_26.April__0.pdf
ICH,ICH Q4B,Q4B Annex 2(R1),Visit the link for more information,https://database.ich.org/sites/default/files/Q4B%20Annex%202%28R1%29%20Guideline.pdf
ICH,ICH Q4B,Q4B Frequently Asked Questions (FAQs),Visit the link for more information,https://database.ich.org/sites/default/files/Q4B_Frequently%20Asked%20Questions_26.April__6.pdf
ICH,ICH Q4B,Q4B Annex 3(R1),Visit the link for more information,https://database.ich.org/sites/default/files/Q4B%20Annex%203%28R1%29%20Guideline.pdf
ICH,ICH Q4B,Q4B Frequently Asked Questions (FAQs),Visit the link for more information,https://database.ich.org/sites/default/files/Q4B_Frequently%20Asked%20Questions_26.April__7.pdf
ICH,ICH Q4B,Q4B Annex 4A(R1),Visit the link for more information,https://database.ich.org/sites/default/files/Q4B%20Annex4A%28R1%29%20Guideline.pdf
ICH,ICH Q4B,Q4B Frequently Asked Questions (FAQs),Visit the link for more information,https://database.ich.org/sites/default/files/Q4B_Frequently%20Asked%20Questions_26.April__8.pdf
ICH,ICH Q4B,Q4B Annex 4B(R1),Visit the link for more information,https://database.ich.org/sites/default/files/Q4B%20Annex4B%28R1%29%20Guideline.pdf
ICH,ICH Q4B,Q4B Frequently Asked Questions (FAQs),Visit the link for more information,https://database.ich.org/sites/default/files/Q4B_Frequently%20Asked%20Questions_26.April__9.pdf
ICH,ICH Q4B,Q4B Annex 4C(R1),Visit the link for more information,https://database.ich.org/sites/default/files/Q4B%20Annex4C%28R1%29%20Guideline.pdf
ICH,ICH Q4B,Q4B Frequently Asked Questions (FAQs),Visit the link for more information,https://database.ich.org/sites/default/files/Q4B_Frequently%20Asked%20Questions_26.April__10.pdf
ICH,ICH Q4B,Q4B ANNEX 5(R1),Visit the link for more information,https://database.ich.org/sites/default/files/Q4B%20Annex%205%28R1%29%20Guideline.pdf
ICH,ICH Q4B,Q4B Frequently Asked Questions (FAQs),Visit the link for more information,https://database.ich.org/sites/default/files/Q4B_Frequently%20Asked%20Questions_26.April__11.pdf
ICH,ICH Q4B,Q4B Annex 6,Visit the link for more information,https://database.ich.org/sites/default/files/Q4B%20Annex%206%20Guideline.pdf
ICH,ICH Q4B,Q4B Frequently Asked Questions (FAQs),Visit the link for more information,https://database.ich.org/sites/default/files/Q4B_Frequently%20Asked%20Questions_26.April__12.pdf
ICH,ICH Q4B,Q4B Annex 7(R2),Visit the link for more information,https://database.ich.org/sites/default/files/Q4B%20Annex%207%20%28R2%29%20Guideline.pdf
ICH,ICH Q4B,Q4B Frequently Asked Questions (FAQs),Visit the link for more information,https://database.ich.org/sites/default/files/Q4B_Frequently%20Asked%20Questions_26.April__13.pdf
ICH,ICH Q4B,Q4B Annex 8(R1),Visit the link for more information,https://database.ich.org/sites/default/files/Q4B%20Annex%208%28R1%29%20Guideline.pdf
ICH,ICH Q4B,Q4B Frequently Asked Questions (FAQs),Visit the link for more information,https://database.ich.org/sites/default/files/Q4B_Frequently%20Asked%20Questions_26.April__14.pdf
ICH,ICH Q4B,Q4B Annex 9(R1),Visit the link for more information,https://database.ich.org/sites/default/files/Q4B%20Annex%209%28R1%29%20Guideline.pdf
ICH,ICH Q4B,Q4B Frequently Asked Questions (FAQs),Visit the link for more information,https://database.ich.org/sites/default/files/Q4B_Frequently%20Asked%20Questions_26.April__15.pdf
ICH,ICH Q4B,Q4B Annex 10(R1),Visit the link for more information,https://database.ich.org/sites/default/files/Q4B%20Annex%2010%28R1%29%20Guideline.pdf
ICH,ICH Q4B,Q4B Frequently Asked Questions (FAQs),Visit the link for more information,https://database.ich.org/sites/default/files/Q4B_Frequently%20Asked%20Questions_26.April__1.pdf
ICH,ICH Q4B,Q4B Annex 11,Visit the link for more information,https://database.ich.org/sites/default/files/Q4B%20Annex%2011%20Guideline.pdf
ICH,ICH Q4B,Q4B Frequently Asked Questions (FAQs),Visit the link for more information,https://database.ich.org/sites/default/files/Q4B_Frequently%20Asked%20Questions_26.April__2.pdf
ICH,ICH Q4B,Q4B Annex 12,Visit the link for more information,https://database.ich.org/sites/default/files/Q4B%20Annex%2012%20Guideline.pdf
ICH,ICH Q4B,Q4B Frequently Asked Questions (FAQs),Visit the link for more information,https://database.ich.org/sites/default/files/Q4B_Frequently%20Asked%20Questions_26.April__3.pdf
ICH,ICH Q4B,Q4B Annex 13,Visit the link for more information,https://database.ich.org/sites/default/files/Q4B%20Annex%2013%20Guideline.pdf
ICH,ICH Q4B,Q4B Frequently Asked Questions (FAQs),Visit the link for more information,https://database.ich.org/sites/default/files/Q4B_Frequently%20Asked%20Questions_26.April__4.pdf
ICH,ICH Q4B,Q4B Annex 14,Visit the link for more information,https://database.ich.org/sites/default/files/Q4B%20Annex%2014%20Guideline.pdf
ICH,ICH Q4B,Q4B Frequently Asked Questions (FAQs),Visit the link for more information,https://database.ich.org/sites/default/files/Q4B_Frequently%20Asked%20Questions_26.April__5.pdf
ICH,ICH Q4B,Q4B FAQs Frequently Asked Questions (FAQs),Visit the link for more information,https://database.ich.org/sites/default/files/Q4B_FAQs_FAQs.pdf
ICH,ICH Q5A(R2),Q5A(R2) Guideline,Visit the link for more information,https://database.ich.org/sites/default/files/ICH_Q5A%28R2%29_Guideline_2023_1101.pdf
ICH,ICH Q5A(R2),Q5A(R2) Concept Paper,Visit the link for more information,https://database.ich.org/sites/default/files/Q5A-R2_FinalConceptPaper_2019_1117.pdf
ICH,ICH Q5A(R2),Q5A(R2) Business Plan,Visit the link for more information,https://database.ich.org/sites/default/files/Q5A-R2_FinalBusinessPlan_2019_1118.pdf
ICH,ICH Q5A(R2),Q5A(R2) Step 4 Presentation,Visit the link for more information,https://database.ich.org/sites/default/files/ICH_Q5A%28R2%29_Step4_Presentation_2023%20Final_2023_1106.pdf
ICH,ICH Q5A(R2),Q5A(R2) IWG Concept Paper,Visit the link for more information,https://database.ich.org/sites/default/files/ICH_Q5A%28R2%29_IWG_Final_Concept%20Paper_2023_1211_0.pdf
ICH,ICH Q5A(R2),Q5A(R2) Training Materials,Visit the link for more information,https://database.ich.org/sites/default/files/Q5A%28R2%29TrainingMaterialModule1-3_2025_0428.pdf
ICH,ICH Q5B,Q5B Guideline,Visit the link for more information,https://database.ich.org/sites/default/files/Q5B%20Guideline.pdf
ICH,ICH Q5C,Q5C Guideline,Visit the link for more information,https://database.ich.org/sites/default/files/Q5C%20Guideline.pdf
ICH,ICH Q5D,Q5D Guideline,Visit the link for more information,https://database.ich.org/sites/default/files/Q5D%20Guideline.pdf
ICH,ICH Q5E,Q5E Guideline,Visit the link for more information,https://database.ich.org/sites/default/files/Q5E%20Guideline.pdf
ICH,ICH Q5E,Q5E Concept Paper,Visit the link for more information,https://database.ich.org/sites/default/files/Q5E%20Concept%20Paper.pdf
ICH,ICH Q5E,Q5E Annex Concept Paper,Visit the link for more information,https://database.ich.org/sites/default/files/ICH_Q5E_Annex_Final_Concept_Paper_2026_0720.pdf
ICH,ICH Q6A,Q6A Guideline,Visit the link for more information,https://database.ich.org/sites/default/files/Q6A%20Guideline.pdf
ICH,ICH Q6A,Q6A Decision Tree,Visit the link for more information,https://database.ich.org/sites/default/files/Q6A%20Decision%20Tree.pdf
ICH,ICH Q6B,Q6B Guideline,Visit the link for more information,https://database.ich.org/sites/default/files/Q6B%20Guideline.pdf
ICH,ICH Q6(R1),Q6(R1) Concept Paper,Visit the link for more information,https://database.ich.org/sites/default/files/ICH_Q6%28R1%29_Final_ConceptPaper_2024_0625.pdf
ICH,ICH Q6(R1),Q6(R1) Work Plan,Visit the link for more information,https://database.ich.org/sites/default/files/ICH52_Q6R1_EWG_WorkPlan_2026_0318.pdf
ICH,ICH Q7,Q7 Guideline,Visit the link for more information,https://database.ich.org/sites/default/files/Q7%20Guideline.pdf
ICH,ICH Q7,Q7 Concept Paper,Visit the link for more information,https://database.ich.org/sites/default/files/Q7%20Concept%20paper.pdf
ICH,ICH Q7,Q7 Q&As Questions & Answers,Visit the link for more information,https://database.ich.org/sites/default/files/Q7%20Q%26As%20Questions%20%26%20Answers.pdf
ICH,ICH Q7,Q7 Q&As Concept Paper,Visit the link for more information,https://database.ich.org/sites/default/files/Q7%20Q%26As%20Concept%20Paper.pdf
ICH,ICH Q7,Q7 Q&As Step 4 Presentation,Visit the link for more information,https://database.ich.org/sites/default/files/Q7_Q%26As_Step4_Presentation.pdf
ICH,ICH Q8(R2),Q8(R2) Guideline,Visit the link for more information,https://database.ich.org/sites/default/files/Q8%28R2%29%20Guideline.pdf
ICH,ICH Q8(R2),Q8(R2) Concept Paper,Visit the link for more information,https://database.ich.org/sites/default/files/Q8%28R2%29%20Concept%20Paper.pdf
ICH,ICH ICH,ICH Q8/Q9/Q10 Training Material,Visit the link for more information,https://ich.org/page/training-programme-q8q9q10-0
ICH,ICH Q8,Q8/Q9/Q10 Q&As (R5) Questions & Answers,Visit the link for more information,https://database.ich.org/sites/default/files/ICH_Q9%28R1%29_Annex_1_Q8Q9Q10_QAs%28R5%29_1030.pdf
ICH,ICH Q8,Q8/Q9/Q10 Q&As (R2) Points to Consider,Visit the link for more information,https://database.ich.org/sites/default/files/Q8_Q9_Q10_Q%26As_R4_Points_to_Consider_2.pdf
ICH,ICH Q8,Q8/Q9/Q10 Q&As (R4) Concept Paper,Visit the link for more information,https://database.ich.org/sites/default/files/Q8_Q9_Q10_Q%26As_R4_Concept_Paper_0.pdf
ICH,ICH Q9(R1),Q9(R1) Guideline,Visit the link for more information,https://database.ich.org/sites/default/files/ICH_Q9%28R1%29_Guideline_Step4_2025_0115_0.pdf
ICH,ICH Q9(R1),Q9(R1) Concept Paper,Visit the link for more information,https://database.ich.org/sites/default/files/Q9-R1_Concept%20Paper_2020_1113.pdf
ICH,ICH Q9(R1),Q9(R1) Business Plan,Visit the link for more information,https://database.ich.org/sites/default/files/Q9-R1_BusinessPlan_2020_1026_.pdf
ICH,ICH Q9(R1),Q9(R1) Work Plan,Visit the link for more information,https://database.ich.org/sites/default/files/Q9%28R1%29_EWG_WorkPlan_2023_0226.pdf
ICH,ICH Q9(R1),Q9(R1) Step 4 Presentation,Visit the link for more information,https://database.ich.org/sites/default/files/ICH%20Q9R1_Step_4_Presentation_2023_0314_final.pdf
ICH,ICH Q9(R1),Q9(R1) Training Materials,Visit the link for more information,https://database.ich.org/sites/default/files/ICH_Q9%28R1%29%20EWG_Training_Materials_2023_1005.zip
ICH,ICH ICH,ICH Q9(R1) Briefing Pack,Visit the link for more information,https://ich.org/page/q9r1-briefing-pack
ICH,ICH Q9(R1),Q9(R1) Concept Paper,Visit the link for more information,https://database.ich.org/sites/default/files/Q9%28R1%29_IWG_Final_ConceptPaper_2023_0324.pdf
ICH,ICH Q9(R1),Q9(R1) Training Group Work Plan,Visit the link for more information,https://database.ich.org/sites/default/files/ICH_Q9%28R1%29_TG_WorkPlan_2025_0722_FINAL.pdf
ICH,ICH Q10,Q10 Guideline,Visit the link for more information,https://database.ich.org/sites/default/files/Q10%20Guideline.pdf
ICH,ICH Q10,Q10 Concept Paper,Visit the link for more information,https://database.ich.org/sites/default/files/Q10%20Concept%20Paper.pdf
ICH,ICH Q10,Q10 Business Plan,Visit the link for more information,https://database.ich.org/sites/default/files/Q10%20Business%20Plan.pdf
ICH,ICH Q10,Q10 Presentation,Visit the link for more information,https://database.ich.org/sites/default/files/Q10_Presentation.pdf
ICH,ICH Q11,Q11 Guideline,Visit the link for more information,https://database.ich.org/sites/default/files/Q11%20Guideline.pdf
ICH,ICH Q11,Q11 Concept Paper,Visit the link for more information,https://database.ich.org/sites/default/files/Q11%20Concept%20Paper.pdf
ICH,ICH Q11,Q11 Business Plan,Visit the link for more information,https://database.ich.org/sites/default/files/Q11%20Business%20Plan.pdf
ICH,ICH Q11,Q11 Training Material,Visit the link for more information,https://database.ich.org/sites/default/files/Q11_Training_Material.mp4
ICH,ICH Q11,Q11 Q&As Questions & Answers,Visit the link for more information,https://database.ich.org/sites/default/files/Q11_Q%26As_Q%26As.pdf
ICH,ICH Q11,Q11 Q&As Concept Paper,Visit the link for more information,https://database.ich.org/sites/default/files/Q11_Q%26As_Concept_Paper.pdf
ICH,ICH Q11,Q11 Q&As Business Plan,Visit the link for more information,https://database.ich.org/sites/default/files/Q11_Q%26As_Business_Plan_0.pdf
ICH,ICH Q11,Q11 Q&As Step 4 Presentation,Visit the link for more information,https://database.ich.org/sites/default/files/Q11_Q%26As_Step4_Presentation.pdf
ICH,ICH Q11,Q11 Q&As Training Material,Visit the link for more information,https://database.ich.org/sites/default/files/Q11_TrainingDeck_Final_2018_0522.pdf
ICH,ICH Q11,Q11 - training video (mp4),Visit the link for more information,https://database.ich.org/sites/default/files/ICH_Q11_TrainingVideo_FinalCompressed_2019_1007.mp4
ICH,ICH Q11,Q11 - training video (youtube),Visit the link for more information,https://www.youtube.com/watch?v=MtwYKFjv_Mo&feature=youtu.be
ICH,ICH Q12,Q12 Guideline,Visit the link for more information,https://database.ich.org/sites/default/files/Q12_Guideline_Step4_2019_1119.pdf
ICH,ICH Q12,Q12 Annexes,Visit the link for more information,https://database.ich.org/sites/default/files/Q12_Annexes_Step4_2019_1119.pdf
ICH,ICH Q12,Q12 Business Plan,Visit the link for more information,https://database.ich.org/sites/default/files/Q12%20Buisness%20Plan.pdf
ICH,ICH Q12,Q12 Concept Paper,Visit the link for more information,https://database.ich.org/sites/default/files/Q12%20Concept%20Paper.pdf
ICH,ICH Q12,Q12 Step 4 Presentation,Visit the link for more information,https://database.ich.org/sites/default/files/Q12EWG_Step4_IntroTrainingPresentation_2020_0206.pdf
ICH,ICH Q12,Q12 IWG Concept Paper,Visit the link for more information,https://database.ich.org/sites/default/files/Q12IWG_ConceptPaper_Approved_2020_0330.pdf
ICH,ICH Q12,Q12 Training Material Modules 0-8,Visit the link for more information,https://database.ich.org/sites/default/files/ICH_Q12_IWG_TrainingMaterial_Modules0-8_2024_0220.zip
ICH,ICH Q12,Q12 Training Material Video,Visit the link for more information,https://database.ich.org/sites/default/files/ICH%20Q12%20Final%2009062023-1080.mp4
ICH,ICH Q12,Q12 Training Material Video Subtitles,Visit the link for more information,https://database.ich.org/sites/default/files/Q12%20Captions%20%281%29.zip
ICH,ICH Q13,Q13 Guideline,Visit the link for more information,https://database.ich.org/sites/default/files/ICH_Q13_Step4_Guideline_2022_1116.pdf
ICH,ICH Q13,Q13 Business Plan,Visit the link for more information,https://database.ich.org/sites/default/files/Q13%20Business%20Plan.pdf
ICH,ICH Q13,Q13 Concept Paper,Visit the link for more information,https://database.ich.org/sites/default/files/Q13%20Concept%20Paper.pdf
ICH,ICH Q13,Q13 Step 4 Presentation,Visit the link for more information,https://database.ich.org/sites/default/files/ICH%20Q13_Step_4_Presentation_2023_0112_0.pdf
ICH,ICH Q13,Q13 IWG Concept Paper,Visit the link for more information,https://database.ich.org/sites/default/files/ICH_Q13_IWG_Concept_Paper_2023_0119.pdf
ICH,ICH Q13,Q13 Module 1,Visit the link for more information,https://database.ich.org/sites/default/files/1_ICH%20Q13%20Module%201-720-Introduction%20and%20Training%20Overview.mp4
ICH,ICH Q13,Q13 Module 2,Visit the link for more information,https://database.ich.org/sites/default/files/2_ICH%20Q13%20Module%202-1080-Batch%20Definition%20and%20Batch%20Size.mp4
ICH,ICH Q13,Q13 Module 3,Visit the link for more information,https://database.ich.org/sites/default/files/3_ICH%20Q13%20Module%203-1080-State%20of%20Control%20and%20Steady%20State.mp4
ICH,ICH Q13,Q13 Module 4,Visit the link for more information,https://database.ich.org/sites/default/files/4_ICH%20Q13%20module%204-1080-Principles%20of%20Process%20Dynamics%20and%20Residence%20Time%20Distribution.mp4
ICH,ICH Q13,Q13 Module 5,Visit the link for more information,https://database.ich.org/sites/default/files/5_ICH%20Q13%20module%205-1080-Case%20Studies%20on%20Process%20Development%20Material%20Traceability%20and%20Sampling%20Frequency.mp4
ICH,ICH Q13,Q13 Module 6,Visit the link for more information,https://database.ich.org/sites/default/files/6_ICH%20Q13%20module%206-1080-Case%20Studies%20on%20RTD%20Model%20Development%20and%20Setting%20Alarm%20Limits.mp4
ICH,ICH Q13,Q13 Module 7,Visit the link for more information,https://database.ich.org/sites/default/files/7_ICH%20Q13%20module%207-1080-General%20Pharmaceutical%20Quality%20System%20Considerations%20for%20Continuous%20Manufacturing.mp4
ICH,ICH Q13,Q13 Module 8,Visit the link for more information,https://database.ich.org/sites/default/files/8_ICH%20Q13%20module%208-1080-Demonstration%20of%20Material%20Diversion.mp4
ICH,ICH Q13,Q13 Module 9,Visit the link for more information,https://database.ich.org/sites/default/files/9_ICH%20Q13%20Module%209-1080-Process%20Monitoring%20and%20Control.mp4
ICH,ICH Q13,Q13 Module 10,Visit the link for more information,https://database.ich.org/sites/default/files/10_ICH%20Q13%20Module%2010-720-Process%20Models.mp4
ICH,ICH Q13,Q13 Module 11,Visit the link for more information,https://database.ich.org/sites/default/files/11_ICH%20Q13%20Module%2011-1080-Drug%20Substance%20and%20Drug%20Product%20Stability.mp4
ICH,ICH Q13,Q13 Module 12,Visit the link for more information,https://database.ich.org/sites/default/files/12_ICH%20Q13%20Module%2012-1080-Batch%20to%20CM%20Conversion%20for%20Small%20Molecule%20Oral%20Solid%20Dosage%20Forms.mp4
ICH,ICH Q14,Q14 Guideline,Visit the link for more information,https://database.ich.org/sites/default/files/ICH_Q14_Guideline_2023_1130_ErrorCorrection_2025.pdf
ICH,ICH Q2(R2),Q2(R2)/Q14 Concept Paper,Visit the link for more information,https://database.ich.org/sites/default/files/Q2R2-Q14_EWG_Concept_Paper_1.pdf
ICH,ICH Q2(R2),Q2(R2)/Q14 Business Plan,Visit the link for more information,https://database.ich.org/sites/default/files/Q2R2-Q14_EWG_Business_Plan_1.pdf
ICH,ICH Q2(R2),Q2(R2)/Q14 Step 4 Presentation,Visit the link for more information,https://database.ich.org/sites/default/files/Q2_Q14%20ICH_Step_4_Presentation_2023_1106_0_1.pdf
ICH,ICH M,Mission,Visit the link for more information,https://www.ich.org/page/mission
ICH,ICH H,History,Visit the link for more information,https://www.ich.org/page/history
ICH,ICH T,Transparency,Visit the link for more information,https://www.ich.org/page/transparency
ICH,ICH F,Funding,Visit the link for more information,https://www.ich.org/page/funding
ICH,ICH ICH,ICH Award,Visit the link for more information,https://www.ich.org/page/ich-award
ICH,ICH W,Work with ICH,Visit the link for more information,https://www.ich.org/page/work-with-ich
ICH,ICH A,Articles & Procedures,Visit the link for more information,https://www.ich.org/page/articles-procedures
ICH,ICH W,Work Plans & Reports,Visit the link for more information,https://www.ich.org/page/work-plans-reports
ICH,ICH O,Organisational Chart,Visit the link for more information,https://www.ich.org/page/organisation-ich
ICH,ICH M,Members & Observers,Visit the link for more information,https://www.ich.org/page/members-observers
ICH,ICH V,Value of Membership,Visit the link for more information,https://www.ich.org/page/value-membership
ICH,ICH A,Application Process,Visit the link for more information,https://www.ich.org/page/application-process
ICH,ICH ICH,ICH Events,Visit the link for more information,https://www.ich.org/page/ich-events
ICH,ICH A,Assembly Meetings,Visit the link for more information,https://www.ich.org/page/assemblyreports
ICH,ICH M,Management Committee,Visit the link for more information,https://www.ich.org/page/management-committee-0
ICH,ICH P,Process of Harmonisation,Visit the link for more information,https://www.ich.org/page/process-harmonisation
ICH,ICH P,Public Consultations,Visit the link for more information,https://www.ich.org/page/public-consultations
ICH,ICH G,Guideline Implementation,Visit the link for more information,https://www.ich.org/page/ich-guideline-implementation
ICH,ICH A,All Guidelines,Visit the link for more information,https://www.ich.org/page/ich-guidelines
ICH,ICH Q,Quality Guidelines,Visit the link for more information,https://www.ich.org/page/quality-guidelines
ICH,ICH S,Safety Guidelines,Visit the link for more information,https://www.ich.org/page/safety-guidelines
ICH,ICH M,Multidisciplinary Guidelines,Visit the link for more information,https://www.ich.org/page/multidisciplinary-guidelines
ICH,ICH I,Index of Guidelines,Visit the link for more information,https://www.ich.org/page/search-index-ich-guidelines
ICH,ICH E,Efficacy Guidelines,Visit the link for more information,https://www.ich.org/page/efficacy-guidelines
ICH,ICH M,MedDRA,Visit the link for more information,https://www.ich.org/page/meddra
ICH,ICH CTD,CTD,Visit the link for more information,https://www.ich.org/page/ctd
ICH,ICH E,Electronic Standards (ESTRI),Visit the link for more information,https://www.ich.org/page/electronic-standards-estri
ICH,ICH R,Reflection Papers & Discussion Groups,Visit the link for more information,https://www.ich.org/page/reflection-papers
ICH,ICH C,Consideration Documents,Visit the link for more information,https://www.ich.org/page/consideration-documents
ICH,ICH CIOMS,CIOMS Glossary of ICH Terms & Definitions,Visit the link for more information,https://www.ich.org/page/cioms-glossary-ich-terms-definitions
ICH,ICH ICH,ICH Digital Platform,Visit the link for more information,https://www.ich.org/page/ich-technology-task-force
ICH,ICH P,Press Releases,Visit the link for more information,https://www.ich.org/page/press-releases
ICH,ICH N,News,Visit the link for more information,https://www.ich.org/page/news
ICH,ICH P,Publications,Visit the link for more information,https://www.ich.org/page/publications
ICH,ICH T,Training,Visit the link for more information,https://www.ich.org/page/training
ICH,ICH T,Training Library,Visit the link for more information,https://www.ich.org/page/training-library
ICH,ICH C,Contact,Visit the link for more information,https://www.ich.org/page/contact
ICH,ICH R,Register,Visit the link for more information,https://www.ich.org/page/register-be-kept-date-ich-news
ICH,ICH ICH,ICH Legal Mentions,Visit the link for more information,https://www.ich.org/page/legal-mentions
ICH,ICH ICH,ICH Privacy Statement,Visit the link for more information,https://www.ich.org/page/ich-privacy-statement
ICH,ICH Outcome statement,_,Visit the link for more information,https://www.ich.org/_
ICH,ICH H,Home,Visit the link for more information,https://www.ich.org/
ICH,ICH S1A,S1A Guideline,Visit the link for more information,https://database.ich.org/sites/default/files/S1A%20Guideline.pdf
ICH,ICH S1B(R1),S1B(R1) Guideline,Visit the link for more information,https://database.ich.org/sites/default/files/S1B-R1_FinalGuideline_2022_0719.pdf
ICH,ICH S1(R1),S1(R1) Concept Paper,Visit the link for more information,https://database.ich.org/sites/default/files/S1%28R1%29%20Concept%20Paper.pdf
ICH,ICH S1(R1),S1(R1) Business Plan,Visit the link for more information,https://database.ich.org/sites/default/files/S1%28R1%29%20Business%20Plan.pdf
ICH,ICH S1B(R1),S1B(R1) Work Plan,Visit the link for more information,https://database.ich.org/sites/default/files/ICH_S1B%28R1%29_EWG_WorkPlan_2023_0719%5B1%5D.pdf
ICH,ICH S1(R1),S1(R1) Status Report - Aug 2021,Visit the link for more information,https://database.ich.org/sites/default/files/S1_StatusReport_2021_0823.pdf
ICH,ICH S1(R1),S1(R1) Status Report - Aug 2019,Visit the link for more information,https://database.ich.org/sites/default/files/S1_StatusReport_2019_0802.pdf
ICH,ICH S1(R1),S1(R1) Status Report - Dec 2017,Visit the link for more information,https://database.ich.org/sites/default/files/S1%28R1%29%20EWG_StatusReport_Dec2017.pdf
ICH,ICH S1(R1),S1(R1) Status Report - Mar 2016,Visit the link for more information,https://database.ich.org/sites/default/files/S1%28R1%29%20EWG_StatusReport_Mar2016.pdf
ICH,ICH S1(R1),S1(R1) RND,Visit the link for more information,https://database.ich.org/sites/default/files/S1%28R1%29_EWG_RND.pdf
ICH,ICH S1B(R1),S1B(R1) Step 4 Presentation,Visit the link for more information,https://database.ich.org/sites/default/files/ICHS1B%28R1%29_Step4_Presentation_2022_0809.pdf
ICH,ICH S1B(R1),S1B(R1) Concept Paper,Visit the link for more information,https://database.ich.org/sites/default/files/ICH_S1BR1_FinalConceptPaper_2024_0326.pdf
ICH,ICH S1B(R1),S1B(R1) Work Plan,Visit the link for more information,https://database.ich.org/sites/default/files/ICH52_S1BR1_EWG_WorkPlan_2026_0320.pdf
ICH,ICH S1C(R2),S1C(R2) Guideline,Visit the link for more information,https://database.ich.org/sites/default/files/S1C%28R2%29%20Guideline.pdf
ICH,ICH S1C(R2),S1C(R2) Concept Paper,Visit the link for more information,https://database.ich.org/sites/default/files/S1CR2%20Final%20Concept%20Paper_formatted.pdf
ICH,ICH S1C(R2),S1C(R2) Presentation,Visit the link for more information,https://database.ich.org/sites/default/files/S1C%28R2%29%20Presentation_0.pdf
ICH,ICH S2(R1),S2(R1) Guideline,Visit the link for more information,https://database.ich.org/sites/default/files/S2%28R1%29%20Guideline.pdf
ICH,ICH S2(R1),S2(R1) Concept Paper,Visit the link for more information,https://database.ich.org/sites/default/files/S2_R1__Concept_Paper.pdf
ICH,ICH S2(R1),S2(R1) Step 4 Audio Presentation (zip),Visit the link for more information,https://database.ich.org/sites/default/files/S2%28R1%29%20Step%204%20March%202012_Final.zip
ICH,ICH S2(R1),S2(R1) Step 4 Presentation (PPT),Visit the link for more information,https://database.ich.org/sites/default/files/S2%28R1%29%20Step%204%20Presentation.pdf
ICH,ICH S3A,S3A Guideline,Visit the link for more information,https://database.ich.org/sites/default/files/S3A_Guideline.pdf
ICH,ICH S3A,S3A Q&As Questions & Answers,Visit the link for more information,https://database.ich.org/sites/default/files/S3A_Q%26As_Q%26As.pdf
ICH,ICH S3A,S3A Q&As Concept Paper,Visit the link for more information,https://database.ich.org/sites/default/files/S3A_Q%26As_Concept_Paper.pdf
ICH,ICH S3A,S3A Q&As Business Plan,Visit the link for more information,https://database.ich.org/sites/default/files/S3A_Q%26As_Business_Plan_0.pdf
ICH,ICH S3A,S3A Q&As Step2 Presentation,Visit the link for more information,https://database.ich.org/sites/default/files/S3A_Q%26As_Step2_Presentation_0.pdf
ICH,ICH S3B,S3B Guideline,Visit the link for more information,https://database.ich.org/sites/default/files/S3B_Guideline.pdf
ICH,ICH S4,S4 Guideline,Visit the link for more information,https://database.ich.org/sites/default/files/S4_Guideline.pdf
ICH,ICH S5(R3),S5(R3) Guideline,Visit the link for more information,https://database.ich.org/sites/default/files/S5-R3_Step4_Guideline_2020_0218_1.pdf
ICH,ICH S5(R3),S5(R3) Concept Paper,Visit the link for more information,https://database.ich.org/sites/default/files/S5-R3_EWG_Concept_Paper.pdf
ICH,ICH S5(R3),S5(R3) Step 4 Presentation,Visit the link for more information,https://database.ich.org/sites/default/files/S5-R3_Step_4_Presentation_2020_0222_0.pdf
ICH,ICH S5(R3),S5(R3) Step 4  Audio Presentation,Visit the link for more information,https://database.ich.org/sites/default/files/S5-R3_Step_4_AudioPresentation_2020_0520_Final.pptx
ICH,ICH S5(R3),S5(R3) Concept Paper 2019,Visit the link for more information,https://database.ich.org/sites/default/files/S5-R3EWG_ConceptPaper_MaintenanceProcedure_Final_2019_0328.pdf
ICH,ICH M,Maintenance Procedure for S5 Annexes 1 & 2,Visit the link for more information,https://database.ich.org/sites/default/files/Annex%2017%20-%20Maintenance%20Procedure%20for%20S5%20Annexes%201%20and%202.pdf
ICH,ICH S6(R1),S6(R1) Guideline,Visit the link for more information,https://database.ich.org/sites/default/files/S6_R1_Guideline_0.pdf
ICH,ICH S6(R1),S6(R1) Concept Paper,Visit the link for more information,https://database.ich.org/sites/default/files/S6_R1_Concept_Paper_0.pdf
ICH,ICH S6(R1),S6(R1) Concept Paper- Addendum,Visit the link for more information,https://database.ich.org/sites/default/files/S6_R1_Concept_Paper_Addendum_0.pdf
ICH,ICH S6(R1),S6(R1) Training Material,Visit the link for more information,https://database.ich.org/sites/default/files/S6_R1_Training_Material.mp4
ICH,ICH S7A,S7A Guideline,Visit the link for more information,https://database.ich.org/sites/default/files/S7A_Guideline.pdf
ICH,ICH S7A,S7A Step 4 Presentation,Visit the link for more information,https://database.ich.org/sites/default/files/S7A_Step4_Presentation.pdf
ICH,ICH S7B,S7B Guideline,Visit the link for more information,https://database.ich.org/sites/default/files/S7B_Guideline.pdf
ICH,ICH S7B,S7B Concept Paper,Visit the link for more information,https://database.ich.org/sites/default/files/S7B_Concept_Paper.pdf
ICH,ICH E14,E14/S7B Q&As,Visit the link for more information,https://database.ich.org/sites/default/files/E14-S7B_QAs_Step4_2022_0221.pdf
ICH,ICH E14,E14/S7B Concept Paper 2018,Visit the link for more information,https://database.ich.org/sites/default/files/E14S7B_IWG_Concept_Paper.pdf
ICH,ICH E14,E14/S7B Initial Training Material ZIP,Visit the link for more information,https://database.ich.org/sites/default/files/ICH_E14-S7B_InitialTrainingMaterials_Mar2022.zip
ICH,ICH E14,E14/S7B Initial Training Material PDF,Visit the link for more information,https://database.ich.org/sites/default/files/ICH_E14-S7B_TrainingMaterial_2022_0407.pdf
ICH,ICH E14,E14/S7B Initial Training Material - Example Supplemental File PDF,Visit the link for more information,https://database.ich.org/sites/default/files/ICH_E14-S7B_TrainingMaterial_ExamplesSupplementalFile_2022_0331.pdf
ICH,ICH A,Agenda - 15-16 Oct 2020,Visit the link for more information,http://www.fda.gov/media/142132/download
ICH,ICH R,Registration link,Visit the link for more information,https://www.fda.gov/drugs/news-events-human-drugs/new-approaches-integrated-nonclinical-clinical-qtproarrhythmic-risk-assessment-10152020-10162020
ICH,ICH S8,S8 Guideline,Visit the link for more information,https://database.ich.org/sites/default/files/S8_Guideline_0.pdf
ICH,ICH S8,S8 Concept Paper,Visit the link for more information,https://database.ich.org/sites/default/files/S8_Concept_Paper.pdf
ICH,ICH S9,S9 Guideline,Visit the link for more information,https://database.ich.org/sites/default/files/S9_Guideline.pdf
ICH,ICH S9,S9 Concept Paper,Visit the link for more information,https://database.ich.org/sites/default/files/S9_Concept_Paper.pdf
ICH,ICH S9,S9 Business Plan,Visit the link for more information,https://database.ich.org/sites/default/files/S9_Business_Plan_0.pdf
ICH,ICH S9,S9 Step 4 Presentation,Visit the link for more information,https://database.ich.org/sites/default/files/S9_Step4_Presentation.pdf
ICH,ICH S9,S9 Q&As Questions & Answers,Visit the link for more information,https://database.ich.org/sites/default/files/S9_Q%26As_Q%26As.pdf
ICH,ICH S9,S9 Q&As Concept Paper,Visit the link for more information,https://database.ich.org/sites/default/files/S9_Q%26As_Concept_Paper.pdf
ICH,ICH S9,S9 Q&As Step 4 Presentation,Visit the link for more information,https://database.ich.org/sites/default/files/S9_Q%26As_Step4_Presentation.pdf
ICH,ICH S10,S10 Guideline,Visit the link for more information,https://database.ich.org/sites/default/files/S10_Guideline.pdf
ICH,ICH S10,S10 Concept Paper,Visit the link for more information,https://database.ich.org/sites/default/files/S10_Concept_Paper.pdf
ICH,ICH S10,S10 Business Plan,Visit the link for more information,https://database.ich.org/sites/default/files/S10_Business_Plan_0.pdf
ICH,ICH S10,S10 Training Material,Visit the link for more information,https://database.ich.org/sites/default/files/S10_Training_Material.mp4
ICH,ICH S11,S11 Final Guideline,Visit the link for more information,https://database.ich.org/sites/default/files/S11_Step4_FinalGuideline_2020_0310.pdf
ICH,ICH S11,S11 Concept Paper,Visit the link for more information,https://database.ich.org/sites/default/files/S11_EWG_Concept_Paper.pdf
ICH,ICH S11,S11 Business Plan,Visit the link for more information,https://database.ich.org/sites/default/files/S11_EWG_Business_Plan.pdf
ICH,ICH S11,S11 Step 4 Presentation,Visit the link for more information,https://database.ich.org/sites/default/files/ICH_S11_Step4_Presentation_2020_0721_0.pdf
ICH,ICH S12,S12 Guideline,Visit the link for more information,https://database.ich.org/sites/default/files/ICH_S12_Step4_Guideline_2023_0314_WithCorrection_0.pdf
ICH,ICH S12,S12 Concept Paper,Visit the link for more information,https://database.ich.org/sites/default/files/S12_FinalConceptPaper_2019_1118.pdf
ICH,ICH S12,S12 Business Plan,Visit the link for more information,https://database.ich.org/sites/default/files/S12_FinalBusinessPlan_2019_1118.pdf
ICH,ICH S12,S12 Step 4 Presentation,Visit the link for more information,https://database.ich.org/sites/default/files/ICH_Step_4_Presentation_ICH%20S12_2023_0306_0.pdf
ICH,ICH S13,S13 Concept Paper,Visit the link for more information,https://database.ich.org/sites/default/files/ICH_S13EWG_Concept_Paper_2024_1028.pdf
ICH,ICH S13,S13 Work Plan,Visit the link for more information,https://database.ich.org/sites/default/files/ICH52_S13_EWG_WorkPlan_2026_0318_0.pdf
ICH,ICH M,Mission,Visit the link for more information,https://www.ich.org/page/mission
ICH,ICH H,History,Visit the link for more information,https://www.ich.org/page/history
ICH,ICH T,Transparency,Visit the link for more information,https://www.ich.org/page/transparency
ICH,ICH F,Funding,Visit the link for more information,https://www.ich.org/page/funding
ICH,ICH ICH,ICH Award,Visit the link for more information,https://www.ich.org/page/ich-award
ICH,ICH W,Work with ICH,Visit the link for more information,https://www.ich.org/page/work-with-ich
ICH,ICH A,Articles & Procedures,Visit the link for more information,https://www.ich.org/page/articles-procedures
ICH,ICH W,Work Plans & Reports,Visit the link for more information,https://www.ich.org/page/work-plans-reports
ICH,ICH O,Organisational Chart,Visit the link for more information,https://www.ich.org/page/organisation-ich
ICH,ICH M,Members & Observers,Visit the link for more information,https://www.ich.org/page/members-observers
ICH,ICH V,Value of Membership,Visit the link for more information,https://www.ich.org/page/value-membership
ICH,ICH A,Application Process,Visit the link for more information,https://www.ich.org/page/application-process
ICH,ICH ICH,ICH Events,Visit the link for more information,https://www.ich.org/page/ich-events
ICH,ICH A,Assembly Meetings,Visit the link for more information,https://www.ich.org/page/assemblyreports
ICH,ICH M,Management Committee,Visit the link for more information,https://www.ich.org/page/management-committee-0
ICH,ICH P,Process of Harmonisation,Visit the link for more information,https://www.ich.org/page/process-harmonisation
ICH,ICH P,Public Consultations,Visit the link for more information,https://www.ich.org/page/public-consultations
ICH,ICH G,Guideline Implementation,Visit the link for more information,https://www.ich.org/page/ich-guideline-implementation
ICH,ICH A,All Guidelines,Visit the link for more information,https://www.ich.org/page/ich-guidelines
ICH,ICH Q,Quality Guidelines,Visit the link for more information,https://www.ich.org/page/quality-guidelines
ICH,ICH S,Safety Guidelines,Visit the link for more information,https://www.ich.org/page/safety-guidelines
ICH,ICH M,Multidisciplinary Guidelines,Visit the link for more information,https://www.ich.org/page/multidisciplinary-guidelines
ICH,ICH I,Index of Guidelines,Visit the link for more information,https://www.ich.org/page/search-index-ich-guidelines
ICH,ICH E,Efficacy Guidelines,Visit the link for more information,https://www.ich.org/page/efficacy-guidelines
ICH,ICH M,MedDRA,Visit the link for more information,https://www.ich.org/page/meddra
ICH,ICH CTD,CTD,Visit the link for more information,https://www.ich.org/page/ctd
ICH,ICH E,Electronic Standards (ESTRI),Visit the link for more information,https://www.ich.org/page/electronic-standards-estri
ICH,ICH R,Reflection Papers & Discussion Groups,Visit the link for more information,https://www.ich.org/page/reflection-papers
ICH,ICH C,Consideration Documents,Visit the link for more information,https://www.ich.org/page/consideration-documents
ICH,ICH CIOMS,CIOMS Glossary of ICH Terms & Definitions,Visit the link for more information,https://www.ich.org/page/cioms-glossary-ich-terms-definitions
ICH,ICH ICH,ICH Digital Platform,Visit the link for more information,https://www.ich.org/page/ich-technology-task-force
ICH,ICH P,Press Releases,Visit the link for more information,https://www.ich.org/page/press-releases
ICH,ICH N,News,Visit the link for more information,https://www.ich.org/page/news
ICH,ICH P,Publications,Visit the link for more information,https://www.ich.org/page/publications
ICH,ICH T,Training,Visit the link for more information,https://www.ich.org/page/training
ICH,ICH T,Training Library,Visit the link for more information,https://www.ich.org/page/training-library
ICH,ICH C,Contact,Visit the link for more information,https://www.ich.org/page/contact
ICH,ICH R,Register,Visit the link for more information,https://www.ich.org/page/register-be-kept-date-ich-news
ICH,ICH ICH,ICH Legal Mentions,Visit the link for more information,https://www.ich.org/page/legal-mentions
ICH,ICH ICH,ICH Privacy Statement,Visit the link for more information,https://www.ich.org/page/ich-privacy-statement
ICH,ICH Outcome statement,_,Visit the link for more information,https://www.ich.org/_
